{
    "Records":[
       {
          "eventVersion":"2.1",
          "eventSource":"aws:s3",
          "awsRegion":"us-east-1",
          "eventTime":"2021-11-15T17:20:29.987Z",
          "eventName":"ObjectCreated:Put",
          "userIdentity":{
             "principalId":"AWS:AROA3J2UHJUGUEUJH6LQQ:rembg-service-prod-hello"
          },
          "requestParameters":{
             "sourceIPAddress":"18.232.124.203"
          },
          "responseElements":{
             "x-amz-request-id":"XSBGZB1HKRHYSM80",
             "x-amz-id-2":"2q+pGdX1NMPv4lNwSVzkM7o0F0qfBro8beFI4Tsfot/LGPk3zYL+UqWUR6WldvKDYZYclBsonwoTGK5/ebUVW51hVByasqyU"
          },
          "s3":{
             "s3SchemaVersion":"1.0",
             "configurationId":"64170527-c94d-4c52-a40c-37a6d5dcbb08",
             "bucket":{
                "name":"rembg-process-bucket-007",
                "ownerIdentity":{
                   "principalId":"A3FU040PX9YCV"
                },
                "arn":"arn:aws:s3:::rembg-process-bucket-007"
             },
             "object":{
                "key":"upload/63283077-f324-4002-bece-2a162af59f30.jpeg",
                "size":361951,
                "eTag":"2ffd2bf40c2a48023c7dd9462f8b0ee5",
                "sequencer":"00619296DDD81112AC"
             }
          }
       }
    ]
 }